trainId,trainTypeId,originStation,destinationStation,stationId,arrivalTime,departureTime
TY0500,LOC,渋谷,元町・中華街,TY01,---,5:00
TY0500,LOC,渋谷,元町・中華街,TY02,5:02,5:02
TY0500,LOC,渋谷,元町・中華街,TY03,5:03,5:04
TY0500,LOC,渋谷,元町・中華街,TY04,5:06,5:06
TY0500,LOC,渋谷,元町・中華街,TY05,5:07,5:08
TY0500,LOC,渋谷,元町・中華街,TY06,5:10,5:10
TY0500,LOC,渋谷,元町・中華街,TY07,5:11,5:13
TY0500,LOC,渋谷,元町・中華街,TY08,5:15,5:15
TY0500,LOC,渋谷,元町・中華街,TY09,5:16,5:17
TY0500,LOC,渋谷,元町・中華街,TY10,5:18,5:18
TY0500,LOC,渋谷,元町・中華街,TY11,5:20,5:20
TY0500,LOC,渋谷,元町・中華街,TY12,5:22,5:22
TY0500,LOC,渋谷,元町・中華街,TY13,5:24,5:24
TY0500,LOC,渋谷,元町・中華街,TY14,5:26,5:26
TY0500,LOC,渋谷,元町・中華街,TY15,5:29,5:29
TY0500,LOC,渋谷,元町・中華街,TY16,5:30,5:31
TY0500,LOC,渋谷,元町・中華街,TY17,5:34,5:34
TY0500,LOC,渋谷,元町・中華街,TY18,5:36,5:36
TY0500,LOC,渋谷,元町・中華街,TY19,5:37,5:37
TY0500,LOC,渋谷,元町・中華街,TY20,5:39,5:39
TY0500,LOC,渋谷,元町・中華街,TY21,5:40,---
TY0516,LOC,新宿三丁目,元町・中華街,TY01,---,5:16
TY0516,LOC,新宿三丁目,元町・中華街,TY02,5:18,5:18
TY0516,LOC,新宿三丁目,元町・中華街,TY03,5:20,5:20
TY0516,LOC,新宿三丁目,元町・中華街,TY04,5:22,5:22
TY0516,LOC,新宿三丁目,元町・中華街,TY05,5:23,5:24
TY0516,LOC,新宿三丁目,元町・中華街,TY06,5:26,5:26
TY0516,LOC,新宿三丁目,元町・中華街,TY07,5:27,5:28
TY0516,LOC,新宿三丁目,元町・中華街,TY08,5:29,5:30
TY0516,LOC,新宿三丁目,元町・中華街,TY09,5:31,5:31
TY0516,LOC,新宿三丁目,元町・中華街,TY10,5:33,5:33
TY0516,LOC,新宿三丁目,元町・中華街,TY11,5:34,5:35
TY0516,LOC,新宿三丁目,元町・中華街,TY12,5:37,5:37
TY0516,LOC,新宿三丁目,元町・中華街,TY13,5:39,5:39
TY0516,LOC,新宿三丁目,元町・中華街,TY14,5:41,5:41
TY0516,LOC,新宿三丁目,元町・中華街,TY15,5:44,5:44
TY0516,LOC,新宿三丁目,元町・中華街,TY16,5:45,5:46
TY0516,LOC,新宿三丁目,元町・中華街,TY17,5:48,5:48
TY0516,LOC,新宿三丁目,元町・中華街,TY18,5:50,5:50
TY0516,LOC,新宿三丁目,元町・中華街,TY19,5:51,5:51
TY0516,LOC,新宿三丁目,元町・中華街,TY20,5:53,5:53
TY0516,LOC,新宿三丁目,元町・中華街,TY21,5:55,---
TY0523,EXP,渋谷,湘南台,TY01,---,5:23
TY0523,EXP,渋谷,湘南台,TY03,5:26,5:27
TY0523,EXP,渋谷,湘南台,TY05,5:29,5:30
TY0523,EXP,渋谷,湘南台,TY07,5:32,5:33
TY0523,EXP,渋谷,湘南台,TY08,5:34,5:35
TY0523,EXP,渋谷,湘南台,TY09,5:36,5:36
TY0523,EXP,渋谷,湘南台,TY11,5:38,5:39
TY0523,EXP,渋谷,湘南台,TY13,5:42,---
TY0529,LOC,小竹向原,元町・中華街,TY01,---,5:29
TY0529,LOC,小竹向原,元町・中華街,TY02,5:32,5:32
TY0529,LOC,小竹向原,元町・中華街,TY03,5:33,5:33
TY0529,LOC,小竹向原,元町・中華街,TY04,5:35,5:35
TY0529,LOC,小竹向原,元町・中華街,TY05,5:37,5:37
TY0529,LOC,小竹向原,元町・中華街,TY06,5:39,5:39
TY0529,LOC,小竹向原,元町・中華街,TY07,5:41,5:41
TY0529,LOC,小竹向原,元町・中華街,TY08,5:43,5:43
TY0529,LOC,小竹向原,元町・中華街,TY09,5:44,5:45
TY0529,LOC,小竹向原,元町・中華街,TY10,5:47,5:47
TY0529,LOC,小竹向原,元町・中華街,TY11,5:48,5:48
TY0529,LOC,小竹向原,元町・中華街,TY12,5:50,5:51
TY0529,LOC,小竹向原,元町・中華街,TY13,5:52,5:54
TY0529,LOC,小竹向原,元町・中華街,TY14,5:56,5:56
TY0529,LOC,小竹向原,元町・中華街,TY15,5:58,5:58
TY0529,LOC,小竹向原,元町・中華街,TY16,6:00,6:01
TY0529,LOC,小竹向原,元町・中華街,TY17,6:03,6:03
TY0529,LOC,小竹向原,元町・中華街,TY18,6:05,6:05
TY0529,LOC,小竹向原,元町・中華街,TY19,6:06,6:06
TY0529,LOC,小竹向原,元町・中華街,TY20,6:08,6:08
TY0529,LOC,小竹向原,元町・中華街,TY21,6:10,---
TY0542,LOC,和光市,元町・中華街,TY01,---,5:42
TY0542,LOC,和光市,元町・中華街,TY02,5:44,5:44
TY0542,LOC,和光市,元町・中華街,TY03,5:46,5:46
TY0542,LOC,和光市,元町・中華街,TY04,5:48,5:48
TY0542,LOC,和光市,元町・中華街,TY05,5:49,5:50
TY0542,LOC,和光市,元町・中華街,TY06,5:52,5:52
TY0542,LOC,和光市,元町・中華街,TY07,5:53,5:55
TY0542,LOC,和光市,元町・中華街,TY08,5:57,5:57
TY0542,LOC,和光市,元町・中華街,TY09,5:58,5:59
TY0542,LOC,和光市,元町・中華街,TY10,6:01,6:01
TY0542,LOC,和光市,元町・中華街,TY11,6:02,6:02
TY0542,LOC,和光市,元町・中華街,TY12,6:04,6:04
TY0542,LOC,和光市,元町・中華街,TY13,6:06,6:06
TY0542,LOC,和光市,元町・中華街,TY14,6:08,6:09
TY0542,LOC,和光市,元町・中華街,TY15,6:11,6:11
TY0542,LOC,和光市,元町・中華街,TY16,6:13,6:17
TY0542,LOC,和光市,元町・中華街,TY17,6:19,6:19
TY0542,LOC,和光市,元町・中華街,TY18,6:21,6:21
TY0542,LOC,和光市,元町・中華街,TY19,6:23,6:23
TY0542,LOC,和光市,元町・中華街,TY20,6:24,6:24
TY0542,LOC,和光市,元町・中華街,TY21,6:26,---
TY0551,EXP,和光市,元町・中華街,TY01,---,5:51
TY0551,EXP,和光市,元町・中華街,TY03,5:54,5:54
TY0551,EXP,和光市,元町・中華街,TY05,5:57,5:57
TY0551,EXP,和光市,元町・中華街,TY07,6:00,6:00
TY0551,EXP,和光市,元町・中華街,TY08,6:02,6:02
TY0551,EXP,和光市,元町・中華街,TY09,6:03,6:04
TY0551,EXP,和光市,元町・中華街,TY11,6:06,6:06
TY0551,EXP,和光市,元町・中華街,TY13,6:09,6:09
TY0551,EXP,和光市,元町・中華街,TY14,6:11,6:12
TY0551,EXP,和光市,元町・中華街,TY16,6:15,6:15
TY0551,EXP,和光市,元町・中華街,TY21,6:21,---
TY0555,LOC,渋谷,元町・中華街,TY01,---,5:55
TY0555,LOC,渋谷,元町・中華街,TY02,5:58,5:58
TY0555,LOC,渋谷,元町・中華街,TY03,5:59,6:00
TY0555,LOC,渋谷,元町・中華街,TY04,6:01,6:02
TY0555,LOC,渋谷,元町・中華街,TY05,6:03,6:03
TY0555,LOC,渋谷,元町・中華街,TY06,6:05,6:05
TY0555,LOC,渋谷,元町・中華街,TY07,6:07,6:07
TY0555,LOC,渋谷,元町・中華街,TY08,6:09,6:09
TY0555,LOC,渋谷,元町・中華街,TY09,6:10,6:11
TY0555,LOC,渋谷,元町・中華街,TY10,6:13,6:13
TY0555,LOC,渋谷,元町・中華街,TY11,6:14,6:14
TY0555,LOC,渋谷,元町・中華街,TY12,6:16,6:16
TY0555,LOC,渋谷,元町・中華街,TY13,6:18,6:19
TY0555,LOC,渋谷,元町・中華街,TY14,6:21,6:21
TY0555,LOC,渋谷,元町・中華街,TY15,6:23,6:23
TY0555,LOC,渋谷,元町・中華街,TY16,6:25,6:28
TY0555,LOC,渋谷,元町・中華街,TY17,6:31,6:31
TY0555,LOC,渋谷,元町・中華街,TY18,6:33,6:33
TY0555,LOC,渋谷,元町・中華街,TY19,6:35,6:35
TY0555,LOC,渋谷,元町・中華街,TY20,6:37,6:37
TY0555,LOC,渋谷,元町・中華街,TY21,6:38,---
TY0603,EXP,渋谷,元町・中華街,TY01,---,6:03
TY0603,EXP,渋谷,元町・中華街,TY03,6:06,6:06
TY0603,EXP,渋谷,元町・中華街,TY05,6:09,6:09
TY0603,EXP,渋谷,元町・中華街,TY07,6:12,6:12
TY0603,EXP,渋谷,元町・中華街,TY08,6:14,6:14
TY0603,EXP,渋谷,元町・中華街,TY09,6:15,6:16
TY0603,EXP,渋谷,元町・中華街,TY11,6:18,6:18
TY0603,EXP,渋谷,元町・中華街,TY13,6:21,6:21
TY0603,EXP,渋谷,元町・中華街,TY14,6:23,6:24
TY0603,EXP,渋谷,元町・中華街,TY16,6:27,6:27
TY0603,EXP,渋谷,元町・中華街,TY21,6:33,6:35
TY0604,LOC,渋谷,元町・中華街,TY01,---,6:04
TY0604,LOC,渋谷,元町・中華街,TY02,6:07,6:07
TY0604,LOC,渋谷,元町・中華街,TY03,6:08,6:08
TY0604,LOC,渋谷,元町・中華街,TY04,6:10,6:10
TY0604,LOC,渋谷,元町・中華街,TY05,6:12,6:12
TY0604,LOC,渋谷,元町・中華街,TY06,6:14,6:14
TY0604,LOC,渋谷,元町・中華街,TY07,6:16,6:16
TY0604,LOC,渋谷,元町・中華街,TY08,6:18,6:18
TY0604,LOC,渋谷,元町・中華街,TY09,6:19,6:20
TY0604,LOC,渋谷,元町・中華街,TY10,6:22,6:22
TY0604,LOC,渋谷,元町・中華街,TY11,6:23,6:23
TY0604,LOC,渋谷,元町・中華街,TY12,6:25,6:26
TY0604,LOC,渋谷,元町・中華街,TY13,6:28,6:28
TY0604,LOC,渋谷,元町・中華街,TY14,6:30,6:31
TY0604,LOC,渋谷,元町・中華街,TY15,6:33,6:33
TY0604,LOC,渋谷,元町・中華街,TY16,6:35,6:38
TY0604,LOC,渋谷,元町・中華街,TY17,6:41,6:41
TY0604,LOC,渋谷,元町・中華街,TY18,6:43,6:43
TY0604,LOC,渋谷,元町・中華街,TY19,6:45,6:45
TY0604,LOC,渋谷,元町・中華街,TY20,6:47,6:47
TY0604,LOC,渋谷,元町・中華街,TY21,6:48,---
TY0610,LOC,渋谷,元町・中華街,TY01,---,6:10
TY0610,LOC,渋谷,元町・中華街,TY02,6:13,6:13
TY0610,LOC,渋谷,元町・中華街,TY03,6:14,6:15
TY0610,LOC,渋谷,元町・中華街,TY04,6:16,6:17
TY0610,LOC,渋谷,元町・中華街,TY05,6:18,6:18
TY0610,LOC,渋谷,元町・中華街,TY06,6:20,6:20
TY0610,LOC,渋谷,元町・中華街,TY07,6:22,6:24
TY0610,LOC,渋谷,元町・中華街,TY08,6:25,6:26
TY0610,LOC,渋谷,元町・中華街,TY09,6:27,6:27
TY0610,LOC,渋谷,元町・中華街,TY10,6:29,6:29
TY0610,LOC,渋谷,元町・中華街,TY11,6:30,6:31
TY0610,LOC,渋谷,元町・中華街,TY12,6:33,6:33
TY0610,LOC,渋谷,元町・中華街,TY13,6:35,6:35
TY0610,LOC,渋谷,元町・中華街,TY14,6:37,6:38
TY0610,LOC,渋谷,元町・中華街,TY15,6:40,6:40
TY0610,LOC,渋谷,元町・中華街,TY16,6:42,6:45
TY0610,LOC,渋谷,元町・中華街,TY17,6:48,6:48
TY0610,LOC,渋谷,元町・中華街,TY18,6:50,6:50
TY0610,LOC,渋谷,元町・中華街,TY19,6:51,6:51
TY0610,LOC,渋谷,元町・中華街,TY20,6:53,6:53
TY0610,LOC,渋谷,元町・中華街,TY21,6:54,---
TY0616,LOC,渋谷,元町・中華街,TY01,---,6:16
TY0616,LOC,渋谷,元町・中華街,TY02,6:19,6:19
TY0616,LOC,渋谷,元町・中華街,TY03,6:20,6:21
TY0616,LOC,渋谷,元町・中華街,TY04,6:23,6:23
TY0616,LOC,渋谷,元町・中華街,TY05,6:24,6:25
TY0616,LOC,渋谷,元町・中華街,TY06,6:27,6:27
TY0616,LOC,渋谷,元町・中華街,TY07,6:28,6:30
TY0616,LOC,渋谷,元町・中華街,TY08,6:32,6:32
TY0616,LOC,渋谷,元町・中華街,TY09,6:33,6:34
TY0616,LOC,渋谷,元町・中華街,TY10,6:36,6:36
TY0616,LOC,渋谷,元町・中華街,TY11,6:37,6:38
TY0616,LOC,渋谷,元町・中華街,TY12,6:39,6:40
TY0616,LOC,渋谷,元町・中華街,TY13,6:42,6:42
TY0616,LOC,渋谷,元町・中華街,TY14,6:44,6:44
TY0616,LOC,渋谷,元町・中華街,TY15,6:47,6:47
TY0616,LOC,渋谷,元町・中華街,TY16,6:49,6:52
TY0616,LOC,渋谷,元町・中華街,TY17,6:54,6:54
TY0616,LOC,渋谷,元町・中華街,TY18,6:56,6:56
TY0616,LOC,渋谷,元町・中華街,TY19,6:58,6:58
TY0616,LOC,渋谷,元町・中華街,TY20,7:00,7:00
TY0616,LOC,渋谷,元町・中華街,TY21,7:01,---
TY0621,LOC,渋谷,元町・中華街,TY01,---,6:21
TY0621,LOC,渋谷,元町・中華街,TY02,6:24,6:24
TY0621,LOC,渋谷,元町・中華街,TY03,6:25,6:26
TY0621,LOC,渋谷,元町・中華街,TY04,6:27,6:28
TY0621,LOC,渋谷,元町・中華街,TY05,6:29,6:29
TY0621,LOC,渋谷,元町・中華街,TY06,6:31,6:31
TY0621,LOC,渋谷,元町・中華街,TY07,6:33,6:38
TY0621,LOC,渋谷,元町・中華街,TY08,6:39,6:40
TY0621,LOC,渋谷,元町・中華街,TY09,6:41,6:41
TY0621,LOC,渋谷,元町・中華街,TY10,6:43,6:43
TY0621,LOC,渋谷,元町・中華街,TY11,6:45,6:45
TY0621,LOC,渋谷,元町・中華街,TY12,6:47,6:47
TY0621,LOC,渋谷,元町・中華街,TY13,6:49,6:50
TY0621,LOC,渋谷,元町・中華街,TY14,6:52,6:53
TY0621,LOC,渋谷,元町・中華街,TY15,6:55,6:55
TY0621,LOC,渋谷,元町・中華街,TY16,6:57,7:00
TY0621,LOC,渋谷,元町・中華街,TY17,7:03,7:03
TY0621,LOC,渋谷,元町・中華街,TY18,7:05,7:05
TY0621,LOC,渋谷,元町・中華街,TY19,7:06,7:06
TY0621,LOC,渋谷,元町・中華街,TY20,7:08,7:08
TY0621,LOC,渋谷,元町・中華街,TY21,7:10,---
TY0626,EXP,渋谷,元町・中華街,TY01,---,6:26
TY0626,EXP,渋谷,元町・中華街,TY03,6:29,6:29
TY0626,EXP,渋谷,元町・中華街,TY05,6:32,6:32
TY0626,EXP,渋谷,元町・中華街,TY07,6:35,6:35
TY0626,EXP,渋谷,元町・中華街,TY08,6:37,6:37
TY0626,EXP,渋谷,元町・中華街,TY09,6:38,6:39
TY0626,EXP,渋谷,元町・中華街,TY11,6:41,6:41
TY0626,EXP,渋谷,元町・中華街,TY13,6:44,6:45
TY0626,EXP,渋谷,元町・中華街,TY14,6:47,6:47
TY0626,EXP,渋谷,元町・中華街,TY16,6:50,6:50
TY0626,EXP,渋谷,元町・中華街,TY21,6:56,---
TY0631,LOC,渋谷,元町・中華街,TY01,---,6:31
TY0631,LOC,渋谷,元町・中華街,TY02,6:34,6:34
TY0631,LOC,渋谷,元町・中華街,TY03,6:35,6:35
TY0631,LOC,渋谷,元町・中華街,TY04,6:37,6:37
TY0631,LOC,渋谷,元町・中華街,TY05,6:39,6:39
TY0631,LOC,渋谷,元町・中華街,TY06,6:41,6:41
TY0631,LOC,渋谷,元町・中華街,TY07,6:43,6:44
TY0631,LOC,渋谷,元町・中華街,TY08,6:46,6:46
TY0631,LOC,渋谷,元町・中華街,TY09,6:47,6:48
TY0631,LOC,渋谷,元町・中華街,TY10,6:50,6:50
TY0631,LOC,渋谷,元町・中華街,TY11,6:51,6:52
TY0631,LOC,渋谷,元町・中華街,TY12,6:53,6:54
TY0631,LOC,渋谷,元町・中華街,TY13,6:55,6:56
TY0631,LOC,渋谷,元町・中華街,TY14,6:58,6:58
TY0631,LOC,渋谷,元町・中華街,TY15,7:01,7:01
TY0631,LOC,渋谷,元町・中華街,TY16,7:03,7:06
TY0631,LOC,渋谷,元町・中華街,TY17,7:09,7:09
TY0631,LOC,渋谷,元町・中華街,TY18,7:11,7:11
TY0631,LOC,渋谷,元町・中華街,TY19,7:13,7:13
TY0631,LOC,渋谷,元町・中華街,TY20,7:14,7:14
TY0631,LOC,渋谷,元町・中華街,TY21,7:16,---
TY0635,EXP,渋谷,元町・中華街,TY01,---,6:35
TY0635,EXP,渋谷,元町・中華街,TY03,6:39,6:40
TY0635,EXP,渋谷,元町・中華街,TY05,6:43,6:43
TY0635,EXP,渋谷,元町・中華街,TY07,6:46,6:48
TY0635,EXP,渋谷,元町・中華街,TY08,6:49,6:50
TY0635,EXP,渋谷,元町・中華街,TY09,6:51,6:52
TY0635,EXP,渋谷,元町・中華街,TY11,6:54,6:55
TY0635,EXP,渋谷,元町・中華街,TY13,6:58,6:59
TY0635,EXP,渋谷,元町・中華街,TY14,7:01,7:01
TY0635,EXP,渋谷,元町・中華街,TY16,7:04,7:05
TY0635,EXP,渋谷,元町・中華街,TY21,7:11,---
TY0639,LOC,渋谷,元町・中華街,TY01,---,6:39
TY0639,LOC,渋谷,元町・中華街,TY02,6:42,6:42
TY0639,LOC,渋谷,元町・中華街,TY03,6:43,6:43
TY0639,LOC,渋谷,元町・中華街,TY04,6:45,6:45
TY0639,LOC,渋谷,元町・中華街,TY05,6:47,6:47
TY0639,LOC,渋谷,元町・中華街,TY06,6:49,6:49
TY0639,LOC,渋谷,元町・中華街,TY07,6:51,6:52
TY0639,LOC,渋谷,元町・中華街,TY08,6:54,6:54
TY0639,LOC,渋谷,元町・中華街,TY09,6:55,6:56
TY0639,LOC,渋谷,元町・中華街,TY10,6:58,6:58
TY0639,LOC,渋谷,元町・中華街,TY11,6:59,6:59
TY0639,LOC,渋谷,元町・中華街,TY12,7:01,7:02
TY0639,LOC,渋谷,元町・中華街,TY13,7:03,7:05
TY0639,LOC,渋谷,元町・中華街,TY14,7:07,7:07
TY0639,LOC,渋谷,元町・中華街,TY15,7:09,7:09
TY0639,LOC,渋谷,元町・中華街,TY16,7:11,7:14
TY0639,LOC,渋谷,元町・中華街,TY17,7:17,7:17
TY0639,LOC,渋谷,元町・中華街,TY18,7:19,7:19
TY0639,LOC,渋谷,元町・中華街,TY19,7:20,7:20
TY0639,LOC,渋谷,元町・中華街,TY20,7:22,7:22
TY0639,LOC,渋谷,元町・中華街,TY21,7:24,---
TY0646,LOC,渋谷,元町・中華街,TY01,---,6:46
TY0646,LOC,渋谷,元町・中華街,TY02,6:49,6:49
TY0646,LOC,渋谷,元町・中華街,TY03,6:50,6:51
TY0646,LOC,渋谷,元町・中華街,TY04,6:52,6:53
TY0646,LOC,渋谷,元町・中華街,TY05,6:54,6:54
TY0646,LOC,渋谷,元町・中華街,TY06,6:56,6:56
TY0646,LOC,渋谷,元町・中華街,TY07,6:58,6:59
TY0646,LOC,渋谷,元町・中華街,TY08,7:01,7:01
TY0646,LOC,渋谷,元町・中華街,TY09,7:02,7:03
TY0646,LOC,渋谷,元町・中華街,TY10,7:05,7:05
TY0646,LOC,渋谷,元町・中華街,TY11,7:06,7:06
TY0646,LOC,渋谷,元町・中華街,TY12,7:08,7:08
TY0646,LOC,渋谷,元町・中華街,TY13,7:10,7:10
TY0646,LOC,渋谷,元町・中華街,TY14,7:12,7:13
TY0646,LOC,渋谷,元町・中華街,TY15,7:15,7:15
TY0646,LOC,渋谷,元町・中華街,TY16,7:17,7:21
TY0646,LOC,渋谷,元町・中華街,TY17,7:23,7:23
TY0646,LOC,渋谷,元町・中華街,TY18,7:25,7:25
TY0646,LOC,渋谷,元町・中華街,TY19,7:27,7:27
TY0646,LOC,渋谷,元町・中華街,TY20,7:29,7:29
TY0646,LOC,渋谷,元町・中華街,TY21,7:30,---
TY0650,LOC,渋谷,元町・中華街,TY01,---,6:50
TY0650,LOC,渋谷,元町・中華街,TY02,6:53,6:53
TY0650,LOC,渋谷,元町・中華街,TY03,6:54,6:55
TY0650,LOC,渋谷,元町・中華街,TY04,6:56,6:57
TY0650,LOC,渋谷,元町・中華街,TY05,6:58,6:58
TY0650,LOC,渋谷,元町・中華街,TY06,7:00,7:00
TY0650,LOC,渋谷,元町・中華街,TY07,7:02,7:07
TY0650,LOC,渋谷,元町・中華街,TY08,7:09,7:09
TY0650,LOC,渋谷,元町・中華街,TY09,7:10,7:11
TY0650,LOC,渋谷,元町・中華街,TY10,7:13,7:13
TY0650,LOC,渋谷,元町・中華街,TY11,7:14,7:14
TY0650,LOC,渋谷,元町・中華街,TY12,7:16,7:17
TY0650,LOC,渋谷,元町・中華街,TY13,7:18,7:19
TY0650,LOC,渋谷,元町・中華街,TY14,7:21,7:22
TY0650,LOC,渋谷,元町・中華街,TY15,7:24,7:24
TY0650,LOC,渋谷,元町・中華街,TY16,7:26,7:30
TY0650,LOC,渋谷,元町・中華街,TY17,7:32,7:32
TY0650,LOC,渋谷,元町・中華街,TY18,7:34,7:34
TY0650,LOC,渋谷,元町・中華街,TY19,7:36,7:36
TY0650,LOC,渋谷,元町・中華街,TY20,7:38,7:38
TY0650,LOC,渋谷,元町・中華街,TY21,7:39,---
TY0654,EXP,渋谷,元町・中華街,TY01,---,6:54
TY0654,EXP,渋谷,元町・中華街,TY03,6:58,6:58
TY0654,EXP,渋谷,元町・中華街,TY05,7:00,7:01
TY0654,EXP,渋谷,元町・中華街,TY07,7:04,7:04
TY0654,EXP,渋谷,元町・中華街,TY08,7:06,7:06
TY0654,EXP,渋谷,元町・中華街,TY09,7:07,7:08
TY0654,EXP,渋谷,元町・中華街,TY11,7:10,7:10
TY0654,EXP,渋谷,元町・中華街,TY13,7:13,7:13
TY0654,EXP,渋谷,元町・中華街,TY14,7:15,7:16
TY0654,EXP,渋谷,元町・中華街,TY16,7:19,7:20
TY0654,EXP,渋谷,元町・中華街,TY21,7:26,---
TY0657,LOC,渋谷,元町・中華街,TY01,---,6:57
TY0657,LOC,渋谷,元町・中華街,TY02,7:00,7:00
TY0657,LOC,渋谷,元町・中華街,TY03,7:01,7:02
TY0657,LOC,渋谷,元町・中華街,TY04,7:04,7:04
TY0657,LOC,渋谷,元町・中華街,TY05,7:06,7:06
TY0657,LOC,渋谷,元町・中華街,TY06,7:08,7:08
TY0657,LOC,渋谷,元町・中華街,TY07,7:10,7:14
TY0657,LOC,渋谷,元町・中華街,TY08,7:16,7:17
TY0657,LOC,渋谷,元町・中華街,TY09,7:18,7:18
TY0657,LOC,渋谷,元町・中華街,TY10,7:20,7:20
TY0657,LOC,渋谷,元町・中華街,TY11,7:21,7:22
TY0657,LOC,渋谷,元町・中華街,TY12,7:24,7:24
TY0657,LOC,渋谷,元町・中華街,TY13,7:26,7:26
TY0657,LOC,渋谷,元町・中華街,TY14,7:28,7:29
TY0657,LOC,渋谷,元町・中華街,TY15,7:31,7:31
TY0657,LOC,渋谷,元町・中華街,TY16,7:33,7:36
TY0657,LOC,渋谷,元町・中華街,TY17,7:38,7:38
TY0657,LOC,渋谷,元町・中華街,TY18,7:40,7:40
TY0657,LOC,渋谷,元町・中華街,TY19,7:42,7:42
TY0657,LOC,渋谷,元町・中華街,TY20,7:44,7:44
TY0657,LOC,渋谷,元町・中華街,TY21,7:45,---
TY0702,EXP,森林公園(埼玉),湘南台,TY01,---,7:02
TY0702,EXP,森林公園(埼玉),湘南台,TY03,7:05,7:06
TY0702,EXP,森林公園(埼玉),湘南台,TY05,7:09,7:09
TY0702,EXP,森林公園(埼玉),湘南台,TY07,7:12,7:13
TY0702,EXP,森林公園(埼玉),湘南台,TY08,7:15,7:15
TY0702,EXP,森林公園(埼玉),湘南台,TY09,7:16,7:17
TY0702,EXP,森林公園(埼玉),湘南台,TY11,7:19,7:20
TY0702,EXP,森林公園(埼玉),湘南台,TY13,7:23,---
TY0704,LOC,渋谷,元町・中華街,TY01,---,7:04
TY0704,LOC,渋谷,元町・中華街,TY02,7:07,7:07
TY0704,LOC,渋谷,元町・中華街,TY03,7:08,7:08
TY0704,LOC,渋谷,元町・中華街,TY04,7:10,7:10
TY0704,LOC,渋谷,元町・中華街,TY05,7:12,7:12
TY0704,LOC,渋谷,元町・中華街,TY06,7:14,7:14
TY0704,LOC,渋谷,元町・中華街,TY07,7:16,7:21
TY0704,LOC,渋谷,元町・中華街,TY08,7:23,7:23
TY0704,LOC,渋谷,元町・中華街,TY09,7:24,7:25
TY0704,LOC,渋谷,元町・中華街,TY10,7:27,7:27
TY0704,LOC,渋谷,元町・中華街,TY11,7:28,7:28
TY0704,LOC,渋谷,元町・中華街,TY12,7:30,7:30
TY0704,LOC,渋谷,元町・中華街,TY13,7:32,7:32
TY0704,LOC,渋谷,元町・中華街,TY14,7:34,7:34
TY0704,LOC,渋谷,元町・中華街,TY15,7:37,7:37
TY0704,LOC,渋谷,元町・中華街,TY16,7:38,7:39
TY0704,LOC,渋谷,元町・中華街,TY17,7:41,7:41
TY0704,LOC,渋谷,元町・中華街,TY18,7:43,7:43
TY0704,LOC,渋谷,元町・中華街,TY19,7:45,7:45
TY0704,LOC,渋谷,元町・中華街,TY20,7:46,7:46
TY0704,LOC,渋谷,元町・中華街,TY21,7:48,---
TY0708,EXP,小手指,元町・中華街,TY01,---,7:08
TY0708,EXP,小手指,元町・中華街,TY03,7:12,7:13
TY0708,EXP,小手指,元町・中華街,TY05,7:15,7:16
TY0708,EXP,小手指,元町・中華街,TY07,7:18,7:19
TY0708,EXP,小手指,元町・中華街,TY08,7:21,7:21
TY0708,EXP,小手指,元町・中華街,TY09,7:22,7:23
TY0708,EXP,小手指,元町・中華街,TY11,7:25,7:25
TY0708,EXP,小手指,元町・中華街,TY13,7:28,7:29
TY0708,EXP,小手指,元町・中華街,TY14,7:31,7:31
TY0708,EXP,小手指,元町・中華街,TY16,7:34,7:35
TY0708,EXP,小手指,元町・中華街,TY21,7:41,---
TY0710,LOC,和光市,元町・中華街,TY01,---,7:10
TY0710,LOC,和光市,元町・中華街,TY02,7:13,7:13
TY0710,LOC,和光市,元町・中華街,TY03,7:14,7:15
TY0710,LOC,和光市,元町・中華街,TY04,7:16,7:17
TY0710,LOC,和光市,元町・中華街,TY05,7:18,7:18
TY0710,LOC,和光市,元町・中華街,TY06,7:20,7:20
TY0710,LOC,和光市,元町・中華街,TY07,7:22,7:24
TY0710,LOC,和光市,元町・中華街,TY08,7:25,7:26
TY0710,LOC,和光市,元町・中華街,TY09,7:27,7:27
TY0710,LOC,和光市,元町・中華街,TY10,7:29,7:29
TY0710,LOC,和光市,元町・中華街,TY11,7:30,7:31
TY0710,LOC,和光市,元町・中華街,TY12,7:33,7:33
TY0710,LOC,和光市,元町・中華街,TY13,7:35,7:35
TY0710,LOC,和光市,元町・中華街,TY14,7:37,7:38
TY0710,LOC,和光市,元町・中華街,TY15,7:40,7:40
TY0710,LOC,和光市,元町・中華街,TY16,7:42,7:45
TY0710,LOC,和光市,元町・中華街,TY17,7:47,7:47
TY0710,LOC,和光市,元町・中華街,TY18,7:49,7:49
TY0710,LOC,和光市,元町・中華街,TY19,7:51,7:51
TY0710,LOC,和光市,元町・中華街,TY20,7:53,7:53
TY0710,LOC,和光市,元町・中華街,TY21,7:54,---
TY0714,LOC,和光市,元町・中華街,TY01,---,7:14
TY0714,LOC,和光市,元町・中華街,TY02,7:17,7:17
TY0714,LOC,和光市,元町・中華街,TY03,7:18,7:18
TY0714,LOC,和光市,元町・中華街,TY04,7:20,7:20
TY0714,LOC,和光市,元町・中華街,TY05,7:22,7:22
TY0714,LOC,和光市,元町・中華街,TY06,7:24,7:24
TY0714,LOC,和光市,元町・中華街,TY07,7:26,7:29
TY0714,LOC,和光市,元町・中華街,TY08,7:31,7:32
TY0714,LOC,和光市,元町・中華街,TY09,7:33,7:33
TY0714,LOC,和光市,元町・中華街,TY10,7:35,7:35
TY0714,LOC,和光市,元町・中華街,TY11,7:37,7:37
TY0714,LOC,和光市,元町・中華街,TY12,7:39,7:39
TY0714,LOC,和光市,元町・中華街,TY13,7:41,7:41
TY0714,LOC,和光市,元町・中華街,TY14,7:44,7:44
TY0714,LOC,和光市,元町・中華街,TY15,7:46,7:46
TY0714,LOC,和光市,元町・中華街,TY16,7:48,7:51
TY0714,LOC,和光市,元町・中華街,TY17,7:53,7:53
TY0714,LOC,和光市,元町・中華街,TY18,7:56,7:56
TY0714,LOC,和光市,元町・中華街,TY19,7:57,7:57
TY0714,LOC,和光市,元町・中華街,TY20,7:59,7:59
TY0714,LOC,和光市,元町・中華街,TY21,8:01,---
TY0718,EXP,和光市,元町・中華街,TY01,---,7:18
TY0718,EXP,和光市,元町・中華街,TY03,7:21,7:21
TY0718,EXP,和光市,元町・中華街,TY05,7:24,7:25
TY0718,EXP,和光市,元町・中華街,TY07,7:28,7:28
TY0718,EXP,和光市,元町・中華街,TY08,7:30,7:30
TY0718,EXP,和光市,元町・中華街,TY09,7:32,7:32
TY0718,EXP,和光市,元町・中華街,TY11,7:34,7:34
TY0718,EXP,和光市,元町・中華街,TY13,7:37,7:38
TY0718,EXP,和光市,元町・中華街,TY14,7:40,7:40
TY0718,EXP,和光市,元町・中華街,TY16,7:43,7:44
TY0718,EXP,和光市,元町・中華街,TY21,7:50,---
TY0719,LOC,新宿三丁目,元町・中華街,TY01,---,7:19
TY0719,LOC,新宿三丁目,元町・中華街,TY02,7:22,7:22
TY0719,LOC,新宿三丁目,元町・中華街,TY03,7:23,7:24
TY0719,LOC,新宿三丁目,元町・中華街,TY04,7:25,7:26
TY0719,LOC,新宿三丁目,元町・中華街,TY05,7:27,7:27
TY0719,LOC,新宿三丁目,元町・中華街,TY06,7:29,7:29
TY0719,LOC,新宿三丁目,元町・中華街,TY07,7:31,7:33
TY0719,LOC,新宿三丁目,元町・中華街,TY08,7:35,7:35
TY0719,LOC,新宿三丁目,元町・中華街,TY09,7:36,7:37
TY0719,LOC,新宿三丁目,元町・中華街,TY10,7:39,7:39
TY0719,LOC,新宿三丁目,元町・中華街,TY11,7:40,7:41
TY0719,LOC,新宿三丁目,元町・中華街,TY12,7:42,7:43
TY0719,LOC,新宿三丁目,元町・中華街,TY13,7:45,7:45
TY0719,LOC,新宿三丁目,元町・中華街,TY14,7:47,7:48
TY0719,LOC,新宿三丁目,元町・中華街,TY15,7:51,7:51
TY0719,LOC,新宿三丁目,元町・中華街,TY16,7:52,7:53
TY0719,LOC,新宿三丁目,元町・中華街,TY17,7:56,7:56
TY0719,LOC,新宿三丁目,元町・中華街,TY18,7:58,7:58
TY0719,LOC,新宿三丁目,元町・中華街,TY19,7:59,7:59
TY0719,LOC,新宿三丁目,元町・中華街,TY20,8:01,8:01
TY0719,LOC,新宿三丁目,元町・中華街,TY21,8:03,---
TY0723,LOC,和光市,元町・中華街,TY01,---,7:23
TY0723,LOC,和光市,元町・中華街,TY02,7:25,7:25
TY0723,LOC,和光市,元町・中華街,TY03,7:27,7:27
TY0723,LOC,和光市,元町・中華街,TY04,7:29,7:29
TY0723,LOC,和光市,元町・中華街,TY05,7:31,7:31
TY0723,LOC,和光市,元町・中華街,TY06,7:33,7:33
TY0723,LOC,和光市,元町・中華街,TY07,7:35,7:39
TY0723,LOC,和光市,元町・中華街,TY08,7:40,7:41
TY0723,LOC,和光市,元町・中華街,TY09,7:42,7:42
TY0723,LOC,和光市,元町・中華街,TY10,7:44,7:44
TY0723,LOC,和光市,元町・中華街,TY11,7:45,7:46
TY0723,LOC,和光市,元町・中華街,TY12,7:47,7:48
TY0723,LOC,和光市,元町・中華街,TY13,7:49,7:50
TY0723,LOC,和光市,元町・中華街,TY14,7:52,7:52
TY0723,LOC,和光市,元町・中華街,TY15,7:54,7:54
TY0723,LOC,和光市,元町・中華街,TY16,7:56,8:00
TY0723,LOC,和光市,元町・中華街,TY17,8:03,8:03
TY0723,LOC,和光市,元町・中華街,TY18,8:05,8:05
TY0723,LOC,和光市,元町・中華街,TY19,8:06,8:06
TY0723,LOC,和光市,元町・中華街,TY20,8:08,8:08
TY0723,LOC,和光市,元町・中華街,TY21,8:10,---
TY0726,EXP,森林公園(埼玉),湘南台,TY01,---,7:26
TY0726,EXP,森林公園(埼玉),湘南台,TY03,7:30,7:30
TY0726,EXP,森林公園(埼玉),湘南台,TY05,7:33,7:33
TY0726,EXP,森林公園(埼玉),湘南台,TY07,7:37,7:37
TY0726,EXP,森林公園(埼玉),湘南台,TY08,7:39,7:39
TY0726,EXP,森林公園(埼玉),湘南台,TY09,7:40,7:40
TY0726,EXP,森林公園(埼玉),湘南台,TY11,7:44,7:44
TY0726,EXP,森林公園(埼玉),湘南台,TY13,7:47,---
TY0728,LOC,渋谷,元町・中華街,TY01,---,7:28
TY0728,LOC,渋谷,元町・中華街,TY02,7:31,7:31
TY0728,LOC,渋谷,元町・中華街,TY03,7:33,7:33
TY0728,LOC,渋谷,元町・中華街,TY04,7:34,7:35
TY0728,LOC,渋谷,元町・中華街,TY05,7:36,7:36
TY0728,LOC,渋谷,元町・中華街,TY06,7:38,7:38
TY0728,LOC,渋谷,元町・中華街,TY07,7:40,7:44
TY0728,LOC,渋谷,元町・中華街,TY08,7:46,7:46
TY0728,LOC,渋谷,元町・中華街,TY09,7:48,7:48
TY0728,LOC,渋谷,元町・中華街,TY10,7:50,7:50
TY0728,LOC,渋谷,元町・中華街,TY11,7:51,7:51
TY0728,LOC,渋谷,元町・中華街,TY12,7:53,7:54
TY0728,LOC,渋谷,元町・中華街,TY13,7:55,7:56
TY0728,LOC,渋谷,元町・中華街,TY14,7:58,7:59
TY0728,LOC,渋谷,元町・中華街,TY15,8:01,8:01
TY0728,LOC,渋谷,元町・中華街,TY16,8:03,8:07
TY0728,LOC,渋谷,元町・中華街,TY17,8:10,8:10
TY0728,LOC,渋谷,元町・中華街,TY18,8:12,8:12
TY0728,LOC,渋谷,元町・中華街,TY19,8:13,8:13
TY0728,LOC,渋谷,元町・中華街,TY20,8:15,8:15
TY0728,LOC,渋谷,元町・中華街,TY21,8:17,---
TY0723,EXP,清瀬,元町・中華街,TY01,---,7:32
TY0723,EXP,清瀬,元町・中華街,TY03,7:36,7:36
TY0723,EXP,清瀬,元町・中華街,TY05,7:39,7:39
TY0723,EXP,清瀬,元町・中華街,TY07,7:42,7:42
TY0723,EXP,清瀬,元町・中華街,TY08,7:44,7:45
TY0723,EXP,清瀬,元町・中華街,TY09,7:46,7:46
TY0723,EXP,清瀬,元町・中華街,TY11,7:49,7:49
TY0723,EXP,清瀬,元町・中華街,TY13,7:52,7:52
TY0723,EXP,清瀬,元町・中華街,TY14,7:54,7:55
TY0723,EXP,清瀬,元町・中華街,TY16,7:58,7:59
TY0723,EXP,清瀬,元町・中華街,TY21,8:05,---
TY0734,LOC,新宿三丁目,元町・中華街,TY01,---,7:34
TY0734,LOC,新宿三丁目,元町・中華街,TY02,7:36,7:36
TY0734,LOC,新宿三丁目,元町・中華街,TY03,7:38,7:38
TY0734,LOC,新宿三丁目,元町・中華街,TY04,7:40,7:40
TY0734,LOC,新宿三丁目,元町・中華街,TY05,7:41,7:42
TY0734,LOC,新宿三丁目,元町・中華街,TY06,7:44,7:44
TY0734,LOC,新宿三丁目,元町・中華街,TY07,7:46,7:46
TY0734,LOC,新宿三丁目,元町・中華街,TY08,7:48,7:48
TY0734,LOC,新宿三丁目,元町・中華街,TY09,7:49,7:50
TY0734,LOC,新宿三丁目,元町・中華街,TY10,7:52,7:52
TY0734,LOC,新宿三丁目,元町・中華街,TY11,7:53,7:54
TY0734,LOC,新宿三丁目,元町・中華街,TY12,7:56,8:00
TY0734,LOC,新宿三丁目,元町・中華街,TY13,8:02,8:02
TY0734,LOC,新宿三丁目,元町・中華街,TY14,8:05,8:05
TY0734,LOC,新宿三丁目,元町・中華街,TY15,8:07,8:07
TY0734,LOC,新宿三丁目,元町・中華街,TY16,8:09,8:10
TY0734,LOC,新宿三丁目,元町・中華街,TY17,8:12,8:12
TY0734,LOC,新宿三丁目,元町・中華街,TY18,8:14,8:14
TY0734,LOC,新宿三丁目,元町・中華街,TY19,8:15,8:15
TY0734,LOC,新宿三丁目,元町・中華街,TY20,8:17,8:17
TY0734,LOC,新宿三丁目,元町・中華街,TY21,8:19,---
TY0738,LOC,和光市,元町・中華街,TY01,---,7:38
TY0738,LOC,和光市,元町・中華街,TY02,7:41,7:41
TY0738,LOC,和光市,元町・中華街,TY03,7:42,7:43
TY0738,LOC,和光市,元町・中華街,TY04,7:44,7:45
TY0738,LOC,和光市,元町・中華街,TY05,7:46,7:46
TY0738,LOC,和光市,元町・中華街,TY06,7:48,7:48
TY0738,LOC,和光市,元町・中華街,TY07,7:51,7:53
TY0738,LOC,和光市,元町・中華街,TY08,7:56,7:56
TY0738,LOC,和光市,元町・中華街,TY09,7:57,7:57
TY0738,LOC,和光市,元町・中華街,TY10,8:00,8:00
TY0738,LOC,和光市,元町・中華街,TY11,8:01,8:01
TY0738,LOC,和光市,元町・中華街,TY12,8:03,8:04
TY0738,LOC,和光市,元町・中華街,TY13,8:05,8:06
TY0738,LOC,和光市,元町・中華街,TY14,8:08,8:08
TY0738,LOC,和光市,元町・中華街,TY15,8:11,8:11
TY0738,LOC,和光市,元町・中華街,TY16,8:13,8:16
TY0738,LOC,和光市,元町・中華街,TY17,8:19,8:19
TY0738,LOC,和光市,元町・中華街,TY18,8:21,8:21
TY0738,LOC,和光市,元町・中華街,TY19,8:22,8:22
TY0738,LOC,和光市,元町・中華街,TY20,8:24,8:24
TY0738,LOC,和光市,元町・中華街,TY21,8:26,---
TY0741,CLT,和光市,元町・中華街,TY01,---,7:41
TY0741,CLT,和光市,元町・中華街,TY03,7:44,7:45
TY0741,CLT,和光市,元町・中華街,TY07,7:52,7:52
TY0741,CLT,和光市,元町・中華街,TY11,7:57,7:57
TY0741,CLT,和光市,元町・中華街,TY13,8:00,8:01
TY0741,CLT,和光市,元町・中華街,TY16,8:06,8:06
TY0741,CLT,和光市,元町・中華街,TY21,8:12,---
TY0743,LOC,渋谷,元町・中華街,TY01,---,7:43
TY0743,LOC,渋谷,元町・中華街,TY02,7:46,7:46
TY0743,LOC,渋谷,元町・中華街,TY03,7:47,7:48
TY0743,LOC,渋谷,元町・中華街,TY04,7:49,7:50
TY0743,LOC,渋谷,元町・中華街,TY05,7:51,7:51
TY0743,LOC,渋谷,元町・中華街,TY06,7:53,7:53
TY0743,LOC,渋谷,元町・中華街,TY07,7:55,7:59
TY0743,LOC,渋谷,元町・中華街,TY08,8:01,8:01
TY0743,LOC,渋谷,元町・中華街,TY09,8:03,8:03
TY0743,LOC,渋谷,元町・中華街,TY10,8:05,8:05
TY0743,LOC,渋谷,元町・中華街,TY11,8:06,8:06
TY0743,LOC,渋谷,元町・中華街,TY12,8:08,8:09
TY0743,LOC,渋谷,元町・中華街,TY13,8:10,8:11
TY0743,LOC,渋谷,元町・中華街,TY14,8:13,8:14
TY0743,LOC,渋谷,元町・中華街,TY15,8:16,8:16
TY0743,LOC,渋谷,元町・中華街,TY16,8:18,8:22
TY0743,LOC,渋谷,元町・中華街,TY17,8:25,8:25
TY0743,LOC,渋谷,元町・中華街,TY18,8:27,8:27
TY0743,LOC,渋谷,元町・中華街,TY19,8:29,8:29
TY0743,LOC,渋谷,元町・中華街,TY20,8:30,8:30
TY0743,LOC,渋谷,元町・中華街,TY21,8:32,---
TY0747,EXP,和光市,元町・中華街,TY01,---,7:47
TY0747,EXP,和光市,元町・中華街,TY03,7:50,7:51
TY0747,EXP,和光市,元町・中華街,TY05,7:54,7:54
TY0747,EXP,和光市,元町・中華街,TY07,7:57,7:57
TY0747,EXP,和光市,元町・中華街,TY08,7:59,8:00
TY0747,EXP,和光市,元町・中華街,TY09,8:01,8:01
TY0747,EXP,和光市,元町・中華街,TY11,8:03,8:04
TY0747,EXP,和光市,元町・中華街,TY13,8:07,8:08
TY0747,EXP,和光市,元町・中華街,TY14,8:10,8:11
TY0747,EXP,和光市,元町・中華街,TY16,8:14,8:15
TY0747,EXP,和光市,元町・中華街,TY21,8:21,---
TY0749,LOC,新宿三丁目,元町・中華街,TY01,---,7:49
TY0749,LOC,新宿三丁目,元町・中華街,TY02,7:51,7:51
TY0749,LOC,新宿三丁目,元町・中華街,TY03,7:52,7:53
TY0749,LOC,新宿三丁目,元町・中華街,TY04,7:54,7:55
TY0749,LOC,新宿三丁目,元町・中華街,TY05,7:56,7:56
TY0749,LOC,新宿三丁目,元町・中華街,TY06,7:58,7:58
TY0749,LOC,新宿三丁目,元町・中華街,TY07,8:00,8:03
TY0749,LOC,新宿三丁目,元町・中華街,TY08,8:05,8:06
TY0749,LOC,新宿三丁目,元町・中華街,TY09,8:07,8:07
TY0749,LOC,新宿三丁目,元町・中華街,TY10,8:09,8:09
TY0749,LOC,新宿三丁目,元町・中華街,TY11,8:10,8:11
TY0749,LOC,新宿三丁目,元町・中華街,TY12,8:13,8:15
TY0749,LOC,新宿三丁目,元町・中華街,TY13,8:17,8:17
TY0749,LOC,新宿三丁目,元町・中華街,TY14,8:20,8:20
TY0749,LOC,新宿三丁目,元町・中華街,TY15,8:22,8:22
TY0749,LOC,新宿三丁目,元町・中華街,TY16,8:24,8:25
TY0749,LOC,新宿三丁目,元町・中華街,TY17,8:28,8:28
TY0749,LOC,新宿三丁目,元町・中華街,TY18,8:30,8:30
TY0749,LOC,新宿三丁目,元町・中華街,TY19,8:32,8:32
TY0749,LOC,新宿三丁目,元町・中華街,TY20,8:34,8:34
TY0749,LOC,新宿三丁目,元町・中華街,TY21,8:35,---
TY0752,EXP,志木,湘南台,TY01,---,7:52
TY0752,EXP,志木,湘南台,TY03,7:55,7:56
TY0752,EXP,志木,湘南台,TY05,7:58,7:59
TY0752,EXP,志木,湘南台,TY07,8:02,8:02
TY0752,EXP,志木,湘南台,TY08,8:04,8:04
TY0752,EXP,志木,湘南台,TY09,8:05,8:06
TY0752,EXP,志木,湘南台,TY11,8:08,8:09
TY0752,EXP,志木,湘南台,TY13,8:12,---
TY0754,LOC,渋谷,元町・中華街,TY01,---,7:54
TY0754,LOC,渋谷,元町・中華街,TY02,7:56,7:56
TY0754,LOC,渋谷,元町・中華街,TY03,7:58,7:58
TY0754,LOC,渋谷,元町・中華街,TY04,8:00,8:00
TY0754,LOC,渋谷,元町・中華街,TY05,8:01,8:02
TY0754,LOC,渋谷,元町・中華街,TY06,8:04,8:04
TY0754,LOC,渋谷,元町・中華街,TY07,8:06,8:08
TY0754,LOC,渋谷,元町・中華街,TY08,8:11,8:11
TY0754,LOC,渋谷,元町・中華街,TY09,8:12,8:12
TY0754,LOC,渋谷,元町・中華街,TY10,8:15,8:15
TY0754,LOC,渋谷,元町・中華街,TY11,8:16,8:16
TY0754,LOC,渋谷,元町・中華街,TY12,8:18,8:19
TY0754,LOC,渋谷,元町・中華街,TY13,8:21,8:21
TY0754,LOC,渋谷,元町・中華街,TY14,8:23,8:24
TY0754,LOC,渋谷,元町・中華街,TY15,8:26,8:26
TY0754,LOC,渋谷,元町・中華街,TY16,8:28,8:31
TY0754,LOC,渋谷,元町・中華街,TY17,8:34,8:34
TY0754,LOC,渋谷,元町・中華街,TY18,8:36,8:36
TY0754,LOC,渋谷,元町・中華街,TY19,8:38,8:38
TY0754,LOC,渋谷,元町・中華街,TY20,8:40,8:40
TY0754,LOC,渋谷,元町・中華街,TY21,8:41,---
TY0756,CLT,和光市,元町・中華街,TY01,---,7:56
TY0756,CLT,和光市,元町・中華街,TY03,8:00,8:00
TY0756,CLT,和光市,元町・中華街,TY07,8:07,8:07
TY0756,CLT,和光市,元町・中華街,TY11,8:12,8:13
TY0756,CLT,和光市,元町・中華街,TY13,8:15,8:16
TY0756,CLT,和光市,元町・中華街,TY16,8:21,8:21
TY0756,CLT,和光市,元町・中華街,TY21,8:28,---
TY0758,LOC,渋谷,武蔵小杉,TY01,---,7:58
TY0758,LOC,渋谷,武蔵小杉,TY02,8:01,8:01
TY0758,LOC,渋谷,武蔵小杉,TY03,8:02,8:02
TY0758,LOC,渋谷,武蔵小杉,TY04,8:04,8:04
TY0758,LOC,渋谷,武蔵小杉,TY05,8:06,8:06
TY0758,LOC,渋谷,武蔵小杉,TY06,8:08,8:08
TY0758,LOC,渋谷,武蔵小杉,TY07,8:10,8:11
TY0758,LOC,渋谷,武蔵小杉,TY08,8:12,8:13
TY0758,LOC,渋谷,武蔵小杉,TY09,8:14,8:14
TY0758,LOC,渋谷,武蔵小杉,TY10,8:16,8:16
TY0758,LOC,渋谷,武蔵小杉,TY11,8:18,---
TY0510,LOC,武蔵小杉,元町・中華街,TY11,---,5:10
TY0510,LOC,武蔵小杉,元町・中華街,TY12,5:11,5:11
TY0510,LOC,武蔵小杉,元町・中華街,TY13,5:13,5:13
TY0510,LOC,武蔵小杉,元町・中華街,TY14,5:15,5:16
TY0510,LOC,武蔵小杉,元町・中華街,TY15,5:18,5:18
TY0510,LOC,武蔵小杉,元町・中華街,TY16,5:20,5:20
TY0510,LOC,武蔵小杉,元町・中華街,TY17,5:23,5:23
TY0510,LOC,武蔵小杉,元町・中華街,TY18,5:25,5:25
TY0510,LOC,武蔵小杉,元町・中華街,TY19,5:26,5:26
TY0510,LOC,武蔵小杉,元町・中華街,TY20,5:28,5:28
TY0510,LOC,武蔵小杉,元町・中華街,TY21,5:29,---
TY0529,EXP,武蔵小杉,元町・中華街,TY11,---,5:29
TY0529,EXP,武蔵小杉,元町・中華街,TY13,5:31,5:32
TY0529,EXP,武蔵小杉,元町・中華街,TY14,5:34,5:34
TY0529,EXP,武蔵小杉,元町・中華街,TY16,5:37,5:38
TY0529,EXP,武蔵小杉,元町・中華街,TY21,5:43,---
TY0604,LOC,武蔵小杉,元町・中華街,TY11,---,6:04
TY0604,LOC,武蔵小杉,元町・中華街,TY12,6:06,6:09
TY0604,LOC,武蔵小杉,元町・中華街,TY13,6:11,6:11
TY0604,LOC,武蔵小杉,元町・中華街,TY14,6:13,6:14
TY0604,LOC,武蔵小杉,元町・中華街,TY15,6:16,6:16
TY0604,LOC,武蔵小杉,元町・中華街,TY16,6:18,6:22
TY0604,LOC,武蔵小杉,元町・中華街,TY17,6:24,6:24
TY0604,LOC,武蔵小杉,元町・中華街,TY18,6:26,6:26
TY0604,LOC,武蔵小杉,元町・中華街,TY19,6:28,6:28
TY0604,LOC,武蔵小杉,元町・中華街,TY20,6:30,6:30
TY0604,LOC,武蔵小杉,元町・中華街,TY21,6:31,---
TY0500,LOC,元住吉,元町・中華街,TY12,---,5:00
TY0500,LOC,元住吉,元町・中華街,TY13,5:01,5:02
TY0500,LOC,元住吉,元町・中華街,TY14,5:03,5:04
TY0500,LOC,元住吉,元町・中華街,TY15,5:06,5:06
TY0500,LOC,元住吉,元町・中華街,TY16,5:08,5:08
TY0500,LOC,元住吉,元町・中華街,TY17,5:11,5:11
TY0500,LOC,元住吉,元町・中華街,TY18,5:13,5:13
TY0500,LOC,元住吉,元町・中華街,TY19,5:14,5:14
TY0500,LOC,元住吉,元町・中華街,TY20,5:16,5:16
TY0500,LOC,元住吉,元町・中華街,TY21,5:18,---
TY0546,LOC,日吉,元町・中華街,TY13,---,5:46
TY0546,LOC,日吉,元町・中華街,TY14,5:48,5:49
TY0546,LOC,日吉,元町・中華街,TY15,5:51,5:51
TY0546,LOC,日吉,元町・中華街,TY16,5:53,5:53
TY0546,LOC,日吉,元町・中華街,TY17,5:56,5:56
TY0546,LOC,日吉,元町・中華街,TY18,5:58,5:58
TY0546,LOC,日吉,元町・中華街,TY19,5:59,5:59
TY0546,LOC,日吉,元町・中華街,TY20,6:01,6:01
TY0546,LOC,日吉,元町・中華街,TY21,6:02,---
TY0601,LOC,日吉,元町・中華街,TY13,---,6:01
TY0601,LOC,日吉,元町・中華街,TY14,6:03,6:03
TY0601,LOC,日吉,元町・中華街,TY15,6:05,6:05
TY0601,LOC,日吉,元町・中華街,TY16,6:07,6:08
TY0601,LOC,日吉,元町・中華街,TY17,6:10,6:10
TY0601,LOC,日吉,元町・中華街,TY18,6:12,6:12
TY0601,LOC,日吉,元町・中華街,TY19,6:13,6:13
TY0601,LOC,日吉,元町・中華街,TY20,6:15,6:15
TY0601,LOC,日吉,元町・中華街,TY21,6:17,---
TY0614,EXP,日吉,元町・中華街,TY13,---,6:14
TY0614,EXP,日吉,元町・中華街,TY14,6:16,6:16
TY0614,EXP,日吉,元町・中華街,TY16,6:19,6:21
TY0614,EXP,日吉,元町・中華街,TY21,6:28,---
TY0626,LOC,日吉,元町・中華街,TY13,---,6:26
TY0626,LOC,日吉,元町・中華街,TY14,6:28,6:28
TY0626,LOC,日吉,元町・中華街,TY15,6:31,6:31
TY0626,LOC,日吉,元町・中華街,TY16,6:32,6:33
TY0626,LOC,日吉,元町・中華街,TY17,6:35,6:35
TY0626,LOC,日吉,元町・中華街,TY18,6:37,6:37
TY0626,LOC,日吉,元町・中華街,TY19,6:38,6:38
TY0626,LOC,日吉,元町・中華街,TY20,6:40,6:40
TY0626,LOC,日吉,元町・中華街,TY21,6:41,---
TY0631,EXP,日吉,元町・中華街,TY13,---,6:31
TY0631,EXP,日吉,元町・中華街,TY14,6:33,6:34
TY0631,EXP,日吉,元町・中華街,TY16,6:37,6:37
TY0631,EXP,日吉,元町・中華街,TY21,6:43,---
TY0638,EXP,日吉,元町・中華街,TY13,---,6:38
TY0638,EXP,日吉,元町・中華街,TY14,6:40,6:40
TY0638,EXP,日吉,元町・中華街,TY16,6:43,6:44
TY0638,EXP,日吉,元町・中華街,TY21,6:50,---
TY0648,LOC,日吉,元町・中華街,TY13,---,6:48
TY0648,LOC,日吉,元町・中華街,TY14,6:50,6:50
TY0648,LOC,日吉,元町・中華街,TY15,6:52,6:52
TY0648,LOC,日吉,元町・中華街,TY16,6:54,6:54
TY0648,LOC,日吉,元町・中華街,TY17,6:57,6:57
TY0648,LOC,日吉,元町・中華街,TY18,6:59,6:59
TY0648,LOC,日吉,元町・中華街,TY19,7:00,7:00
TY0648,LOC,日吉,元町・中華街,TY20,7:02,7:02
TY0648,LOC,日吉,元町・中華街,TY21,7:03,---
TY0653,EXP,日吉,元町・中華街,TY13,---,6:53
TY0653,EXP,日吉,元町・中華街,TY14,6:55,6:55
TY0653,EXP,日吉,元町・中華街,TY16,6:58,6:59
TY0653,EXP,日吉,元町・中華街,TY21,7:05,---
TY0701,LOC,日吉,元町・中華街,TY13,---,7:01
TY0701,LOC,日吉,元町・中華街,TY14,7:03,7:04
TY0701,LOC,日吉,元町・中華街,TY15,7:06,7:06
TY0701,LOC,日吉,元町・中華街,TY16,7:08,7:09
TY0701,LOC,日吉,元町・中華街,TY17,7:11,7:11
TY0701,LOC,日吉,元町・中華街,TY18,7:13,7:13
TY0701,LOC,日吉,元町・中華街,TY19,7:15,7:15
TY0701,LOC,日吉,元町・中華街,TY20,7:17,7:17
TY0701,LOC,日吉,元町・中華街,TY21,7:18,---
TY0707,EXP,日吉,元町・中華街,TY13,---,7:07
TY0707,EXP,日吉,元町・中華街,TY14,7:09,7:10
TY0707,EXP,日吉,元町・中華街,TY16,7:13,7:13
TY0707,EXP,日吉,元町・中華街,TY21,7:20,---
TY0716,LOC,日吉,元町・中華街,TY13,---,7:16
TY0716,LOC,日吉,元町・中華街,TY14,7:18,7:18
TY0716,LOC,日吉,元町・中華街,TY15,7:21,7:21
TY0716,LOC,日吉,元町・中華街,TY16,7:22,7:24
TY0716,LOC,日吉,元町・中華街,TY17,7:26,7:26
TY0716,LOC,日吉,元町・中華街,TY18,7:28,7:28
TY0716,LOC,日吉,元町・中華街,TY19,7:30,7:30
TY0716,LOC,日吉,元町・中華街,TY20,7:32,7:32
TY0716,LOC,日吉,元町・中華街,TY21,7:33,---
TY0721,EXP,日吉,元町・中華街,TY13,---,7:21
TY0721,EXP,日吉,元町・中華街,TY14,7:23,7:24
TY0721,EXP,日吉,元町・中華街,TY16,7:27,7:28
TY0721,EXP,日吉,元町・中華街,TY21,7:35,---
TY0721,EXP,日吉,元町・中華街,TY13,---,7:43
TY0721,EXP,日吉,元町・中華街,TY14,7:45,7:46
TY0721,EXP,日吉,元町・中華街,TY16,7:49,7:50
TY0721,EXP,日吉,元町・中華街,TY21,7:56,---